v-sweep,v(Vout),v(V1),v(V2),I(V3)
0,0.9,0,0.5,-5.58568871E-07
0.001,0.9,0.001,0.5,-5.5856869E-07
0.002,0.9,0.002,0.5,-5.58568473E-07
0.003,0.9,0.003,0.5,-5.58568281E-07
0.004,0.9,0.004,0.5,-5.58568072E-07
0.005,0.9,0.005,0.5,-5.58567873E-07
0.006,0.9,0.006,0.5,-5.58567635E-07
0.007,0.9,0.007,0.5,-5.58567454E-07
0.008,0.9,0.008,0.5,-5.58567191E-07
0.009,0.9,0.009,0.5,-5.58566988E-07
0.01,0.9,0.01,0.5,-5.58566754E-07
0.011,0.9,0.011,0.5,-5.58566494E-07
0.012,0.9,0.012,0.5,-5.58566278E-07
0.013,0.9,0.013,0.5,-5.58566029E-07
0.014,0.9,0.014,0.5,-5.58565784E-07
0.015,0.9,0.015,0.5,-5.58565542E-07
0.016,0.9,0.016,0.5,-5.58565269E-07
0.017,0.9,0.017,0.5,-5.58565016E-07
0.018,0.9,0.018,0.5,-5.58564754E-07
0.019,0.9,0.019,0.5,-5.58564462E-07
0.02,0.9,0.02,0.5,-5.58564199E-07
0.021,0.9,0.021,0.5,-5.58563901E-07
0.022,0.9,0.022,0.5,-5.58563602E-07
0.023,0.9,0.023,0.5,-5.58563354E-07
0.024,0.9,0.024,0.5,-5.58563038E-07
0.025,0.9,0.025,0.5,-5.58562729E-07
0.026,0.9,0.026,0.5,-5.58562423E-07
0.027,0.9,0.027,0.5,-5.58562114E-07
0.028,0.9,0.028,0.5,-5.58561776E-07
0.029,0.9,0.029,0.5,-5.58561457E-07
0.03,0.9,0.03,0.5,-5.58561101E-07
0.031,0.9,0.031,0.5,-5.58560746E-07
0.032,0.9,0.032,0.5,-5.58560419E-07
0.033,0.9,0.033,0.5,-5.58560043E-07
0.034,0.9,0.034,0.5,-5.58559694E-07
0.035,0.9,0.035,0.5,-5.58559289E-07
0.036,0.9,0.036,0.5,-5.58558934E-07
0.037,0.9,0.037,0.5,-5.58558543E-07
0.038,0.9,0.038,0.5,-5.58558163E-07
0.039,0.9,0.039,0.5,-5.58557758E-07
0.04,0.9,0.04,0.5,-5.5855736E-07
0.041,0.9,0.041,0.5,-5.58556934E-07
0.042,0.9,0.042,0.5,-5.58556483E-07
0.043,0.9,0.043,0.5,-5.58556053E-07
0.044,0.9,0.044,0.5,-5.58555602E-07
0.045,0.9,0.045,0.5,-5.58555147E-07
0.046,0.9,0.046,0.5,-5.58554692E-07
0.047,0.9,0.047,0.5,-5.58554184E-07
0.048,0.9,0.048,0.5,-5.58553719E-07
0.049,0.9,0.049,0.5,-5.58553221E-07
0.05,0.9,0.05,0.5,-5.58552713E-07
0.051,0.9,0.051,0.5,-5.58552177E-07
0.052,0.9,0.052,0.5,-5.5855168E-07
0.053,0.9,0.053,0.5,-5.58551132E-07
0.054,0.9,0.054,0.5,-5.58550553E-07
0.055,0.9,0.055,0.5,-5.58550003E-07
0.056,0.9,0.056,0.5,-5.5854942E-07
0.057,0.9,0.057,0.5,-5.58548841E-07
0.058,0.9,0.058,0.5,-5.58548212E-07
0.059,0.9,0.059,0.5,-5.58547601E-07
0.06,0.9,0.06,0.5,-5.58546979E-07
0.061,0.9,0.061,0.5,-5.5854634E-07
0.062,0.9,0.062,0.5,-5.58545654E-07
0.063,0.9,0.063,0.5,-5.58545008E-07
0.064,0.9,0.064,0.5,-5.58544301E-07
0.065,0.9,0.065,0.5,-5.58543572E-07
0.066,0.9,0.066,0.5,-5.58542862E-07
0.067,0.9,0.067,0.5,-5.58542119E-07
0.068,0.9,0.068,0.5,-5.58541341E-07
0.069,0.9,0.069,0.5,-5.58540602E-07
0.07,0.9,0.07,0.5,-5.58539799E-07
0.071,0.9,0.071,0.5,-5.58538979E-07
0.072,0.9,0.072,0.5,-5.58538147E-07
0.073,0.9,0.073,0.5,-5.58537288E-07
0.074,0.9,0.074,0.5,-5.58536417E-07
0.075,0.9,0.075,0.5,-5.58535529E-07
0.076,0.9,0.076,0.5,-5.58534627E-07
0.077,0.9,0.077,0.5,-5.58533682E-07
0.078,0.9,0.078,0.5,-5.58532719E-07
0.079,0.9,0.079,0.5,-5.58531745E-07
0.08,0.9,0.08,0.5,-5.58530729E-07
0.081,0.9,0.081,0.5,-5.58529681E-07
0.082,0.9,0.082,0.5,-5.5852863E-07
0.083,0.9,0.083,0.5,-5.5852755E-07
0.084,0.9,0.084,0.5,-5.58526445E-07
0.085,0.9,0.085,0.5,-5.58525283E-07
0.086,0.9,0.086,0.5,-5.58524132E-07
0.087,0.9,0.087,0.5,-5.58522924E-07
0.088,0.9,0.088,0.5,-5.58521698E-07
0.089,0.9,0.089,0.5,-5.58520419E-07
0.09,0.9,0.09,0.5,-5.5851914E-07
0.091,0.9,0.091,0.5,-5.58517819E-07
0.092,0.9,0.092,0.5,-5.58516447E-07
0.093,0.9,0.093,0.5,-5.58515044E-07
0.094,0.9,0.094,0.5,-5.58513605E-07
0.095,0.9,0.095,0.5,-5.58512138E-07
0.096,0.9,0.096,0.5,-5.58510628E-07
0.097,0.9,0.097,0.5,-5.58509065E-07
0.098,0.9,0.098,0.5,-5.58507477E-07
0.099,0.9,0.099,0.5,-5.58505818E-07
0.1,0.9,0.1,0.5,-5.58504166E-07
0.101,0.9,0.101,0.5,-5.58502407E-07
0.102,0.9,0.102,0.5,-5.58500634E-07
0.103,0.9,0.103,0.5,-5.58498808E-07
0.104,0.9,0.104,0.5,-5.58496943E-07
0.105,0.9,0.105,0.5,-5.58494982E-07
0.106,0.9,0.106,0.5,-5.58492999E-07
0.107,0.9,0.107,0.5,-5.58490967E-07
0.108,0.9,0.108,0.5,-5.58488839E-07
0.109,0.9,0.109,0.5,-5.58486686E-07
0.11,0.9,0.11,0.5,-5.58484484E-07
0.111,0.9,0.111,0.5,-5.5848216E-07
0.112,0.9,0.112,0.5,-5.58479829E-07
0.113,0.9,0.113,0.5,-5.5847741E-07
0.114,0.9,0.114,0.5,-5.58474895E-07
0.115,0.9,0.115,0.5,-5.58472347E-07
0.116,0.9,0.116,0.5,-5.58469676E-07
0.117,0.9,0.117,0.5,-5.58466969E-07
0.118,0.9,0.118,0.5,-5.58464144E-07
0.119,0.9,0.119,0.5,-5.58461259E-07
0.12,0.9,0.12,0.5,-5.58458304E-07
0.121,0.9,0.121,0.5,-5.58455234E-07
0.122,0.9,0.122,0.5,-5.58452069E-07
0.123,0.9,0.123,0.5,-5.58448772E-07
0.124,0.9,0.124,0.5,-5.58445432E-07
0.125,0.9,0.125,0.5,-5.58441936E-07
0.126,0.9,0.126,0.5,-5.58438394E-07
0.127,0.9,0.127,0.5,-5.58434692E-07
0.128,0.9,0.128,0.5,-5.58430884E-07
0.129,0.9,0.129,0.5,-5.58426951E-07
0.13,0.9,0.13,0.5,-5.58422904E-07
0.131,0.9,0.131,0.5,-5.58418719E-07
0.132,0.9,0.132,0.5,-5.58414424E-07
0.133,0.9,0.133,0.5,-5.58409958E-07
0.134,0.9,0.134,0.5,-5.58405347E-07
0.135,0.9,0.135,0.5,-5.58400611E-07
0.136,0.9,0.136,0.5,-5.58395705E-07
0.137,0.9,0.137,0.5,-5.58390656E-07
0.138,0.9,0.138,0.5,-5.58385441E-07
0.139,0.9,0.139,0.5,-5.58380059E-07
0.14,0.9,0.14,0.5,-5.58374477E-07
0.141,0.9,0.141,0.5,-5.58368729E-07
0.142,0.9,0.142,0.5,-5.58362775E-07
0.143,0.9,0.143,0.5,-5.58356646E-07
0.144,0.9,0.144,0.5,-5.5835033E-07
0.145,0.9,0.145,0.5,-5.58343778E-07
0.146,0.9,0.146,0.5,-5.5833701E-07
0.147,0.9,0.147,0.5,-5.58330051E-07
0.148,0.9,0.148,0.5,-5.58322835E-07
0.149,0.9,0.149,0.5,-5.58315396E-07
0.15,0.9,0.15,0.5,-5.58307701E-07
0.151,0.9,0.151,0.5,-5.58299778E-07
0.152,0.9,0.152,0.5,-5.58291589E-07
0.153,0.9,0.153,0.5,-5.58283123E-07
0.154,0.9,0.154,0.5,-5.58274387E-07
0.155,0.9,0.155,0.5,-5.58265384E-07
0.156,0.9,0.156,0.5,-5.58256097E-07
0.157,0.9,0.157,0.5,-5.58246498E-07
0.158,0.9,0.158,0.5,-5.58236614E-07
0.159,0.9,0.159,0.5,-5.58226386E-07
0.16,0.9,0.16,0.5,-5.58215834E-07
0.161,0.9,0.161,0.5,-5.58204992E-07
0.162,0.9,0.162,0.5,-5.58193779E-07
0.163,0.9,0.163,0.5,-5.58182229E-07
0.164,0.9,0.164,0.5,-5.58170314E-07
0.165,0.9,0.165,0.5,-5.58158025E-07
0.166,0.9,0.166,0.5,-5.58145352E-07
0.167,0.9,0.167,0.5,-5.58132335E-07
0.168,0.9,0.168,0.5,-5.58118902E-07
0.169,0.9,0.169,0.5,-5.58105047E-07
0.17,0.9,0.17,0.5,-5.58090754E-07
0.171,0.9,0.171,0.5,-5.58076071E-07
0.172,0.9,0.172,0.5,-5.58060936E-07
0.173,0.9,0.173,0.5,-5.58045361E-07
0.174,0.9,0.174,0.5,-5.58029306E-07
0.175,0.9,0.175,0.5,-5.58012793E-07
0.176,0.9,0.176,0.5,-5.57995801E-07
0.177,0.9,0.177,0.5,-5.57978296E-07
0.178,0.9,0.178,0.5,-5.57960281E-07
0.179,0.9,0.179,0.5,-5.57941739E-07
0.18,0.9,0.18,0.5,-5.57922711E-07
0.181,0.9,0.181,0.5,-5.57903075E-07
0.182,0.9,0.182,0.5,-5.57882903E-07
0.183,0.9,0.183,0.5,-5.57862162E-07
0.184,0.9,0.184,0.5,-5.57840856E-07
0.185,0.9,0.185,0.5,-5.578189E-07
0.186,0.9,0.186,0.5,-5.57796341E-07
0.187,0.9,0.187,0.5,-5.57773141E-07
0.188,0.9,0.188,0.5,-5.57749285E-07
0.189,0.9,0.189,0.5,-5.57724796E-07
0.19,0.9,0.19,0.5,-5.576996E-07
0.191,0.9,0.191,0.5,-5.57673701E-07
0.192,0.9,0.192,0.5,-5.57647102E-07
0.193,0.9,0.193,0.5,-5.57619789E-07
0.194,0.9,0.194,0.5,-5.57591676E-07
0.195,0.9,0.195,0.5,-5.57562828E-07
0.196,0.9,0.196,0.5,-5.57533205E-07
0.197,0.9,0.197,0.5,-5.57502752E-07
0.198,0.9,0.198,0.5,-5.57471463E-07
0.199,0.9,0.199,0.5,-5.57439357E-07
0.2,0.9,0.2,0.5,-5.57406374E-07
0.201,0.9,0.201,0.5,-5.5737252E-07
0.202,0.9,0.202,0.5,-5.57337742E-07
0.203,0.9,0.203,0.5,-5.57302052E-07
0.204,0.9,0.204,0.5,-5.57265398E-07
0.205,0.9,0.205,0.5,-5.57227789E-07
0.206,0.9,0.206,0.5,-5.57189168E-07
0.207,0.9,0.207,0.5,-5.57149523E-07
0.208,0.9,0.208,0.5,-5.57108851E-07
0.209,0.9,0.209,0.5,-5.57067118E-07
0.21,0.9,0.21,0.5,-5.57024286E-07
0.211,0.9,0.211,0.5,-5.56980336E-07
0.212,0.9,0.212,0.5,-5.56935252E-07
0.213,0.9,0.213,0.5,-5.56888999E-07
0.214,0.9,0.214,0.5,-5.56841538E-07
0.215,0.9,0.215,0.5,-5.5679287E-07
0.216,0.9,0.216,0.5,-5.56742958E-07
0.217,0.9,0.217,0.5,-5.56691759E-07
0.218,0.9,0.218,0.5,-5.56639261E-07
0.219,0.9,0.219,0.5,-5.56585434E-07
0.22,0.9,0.22,0.5,-5.56530235E-07
0.221,0.9,0.221,0.5,-5.56473641E-07
0.222,0.9,0.222,0.5,-5.5641561E-07
0.223,0.9,0.223,0.5,-5.56356145E-07
0.224,0.9,0.224,0.5,-5.56295198E-07
0.225,0.9,0.225,0.5,-5.56232717E-07
0.226,0.9,0.226,0.5,-5.56168683E-07
0.227,0.9,0.227,0.5,-5.56103068E-07
0.228,0.9,0.228,0.5,-5.56035818E-07
0.229,0.9,0.229,0.5,-5.55966928E-07
0.23,0.9,0.23,0.5,-5.55896335E-07
0.231,0.9,0.231,0.5,-5.55824002E-07
0.232,0.9,0.232,0.5,-5.55749931E-07
0.233,0.9,0.233,0.5,-5.55674038E-07
0.234,0.9,0.234,0.5,-5.55596333E-07
0.235,0.9,0.235,0.5,-5.55516721E-07
0.236,0.9,0.236,0.5,-5.55435257E-07
0.237,0.9,0.237,0.5,-5.55351786E-07
0.238,0.9,0.238,0.5,-5.55266322E-07
0.239,0.9,0.239,0.5,-5.55178836E-07
0.24,0.9,0.24,0.5,-5.55089279E-07
0.241,0.9,0.241,0.5,-5.54997559E-07
0.242,0.9,0.242,0.5,-5.54903728E-07
0.243,0.9,0.243,0.5,-5.54807652E-07
0.244,0.9,0.244,0.5,-5.54709381E-07
0.245,0.9,0.245,0.5,-5.54608778E-07
0.246,0.9,0.246,0.5,-5.54505849E-07
0.247,0.9,0.247,0.5,-5.54400543E-07
0.248,0.9,0.248,0.5,-5.542928E-07
0.249,0.9,0.249,0.5,-5.54182567E-07
0.25,0.9,0.25,0.5,-5.54069818E-07
0.251,0.9,0.251,0.5,-5.539545E-07
0.252,0.9,0.252,0.5,-5.53836554E-07
0.253,0.9,0.253,0.5,-5.53715953E-07
0.254,0.9,0.254,0.5,-5.53592599E-07
0.255,0.9,0.255,0.5,-5.53466517E-07
0.256,0.9,0.256,0.5,-5.53337568E-07
0.257,0.9,0.257,0.5,-5.53205755E-07
0.258,0.9,0.258,0.5,-5.53070997E-07
0.259,0.9,0.259,0.5,-5.52933258E-07
0.26,0.9,0.26,0.5,-5.52792486E-07
0.261,0.9,0.261,0.5,-5.52648601E-07
0.262,0.9,0.262,0.5,-5.52501579E-07
0.263,0.9,0.263,0.5,-5.52351391E-07
0.264,0.9,0.264,0.5,-5.52197871E-07
0.265,0.9,0.265,0.5,-5.52041058E-07
0.266,0.9,0.266,0.5,-5.51880838E-07
0.267,0.9,0.267,0.5,-5.51717196E-07
0.268,0.9,0.268,0.5,-5.51550066E-07
0.269,0.9,0.269,0.5,-5.51379337E-07
0.27,0.9,0.27,0.5,-5.51205016E-07
0.271,0.9,0.271,0.5,-5.51027004E-07
0.272,0.9,0.272,0.5,-5.50845236E-07
0.273,0.9,0.273,0.5,-5.50659657E-07
0.274,0.9,0.274,0.5,-5.50470187E-07
0.275,0.9,0.275,0.5,-5.5027677E-07
0.276,0.9,0.276,0.5,-5.50079335E-07
0.277,0.9,0.277,0.5,-5.49877868E-07
0.278,0.9,0.278,0.5,-5.49672222E-07
0.279,0.9,0.279,0.5,-5.49462385E-07
0.28,0.9,0.28,0.5,-5.49248266E-07
0.281,0.9,0.281,0.5,-5.49029757E-07
0.282,0.9,0.282,0.5,-5.48806899E-07
0.283,0.9,0.283,0.5,-5.48579472E-07
0.284,0.9,0.284,0.5,-5.48347543E-07
0.285,0.9,0.285,0.5,-5.48110961E-07
0.286,0.9,0.286,0.5,-5.47869664E-07
0.287,0.9,0.287,0.5,-5.47623586E-07
0.288,0.9,0.288,0.5,-5.47372668E-07
0.289,0.9,0.289,0.5,-5.47116798E-07
0.29,0.9,0.29,0.5,-5.46855929E-07
0.291,0.9,0.291,0.5,-5.4658997E-07
0.292,0.9,0.292,0.5,-5.46318855E-07
0.293,0.9,0.293,0.5,-5.460425E-07
0.294,0.9,0.294,0.5,-5.4576083E-07
0.295,0.9,0.295,0.5,-5.45473767E-07
0.296,0.9,0.296,0.5,-5.45181209E-07
0.297,0.9,0.297,0.5,-5.44883083E-07
0.298,0.9,0.298,0.5,-5.44579333E-07
0.299,0.9,0.299,0.5,-5.44269849E-07
0.3,0.9,0.3,0.5,-5.43954567E-07
0.301,0.9,0.301,0.5,-5.43633405E-07
0.302,0.9,0.302,0.5,-5.43306253E-07
0.303,0.9,0.303,0.5,-5.42973034E-07
0.304,0.9,0.304,0.5,-5.42633693E-07
0.305,0.9,0.305,0.5,-5.42288092E-07
0.306,0.9,0.306,0.5,-5.41936171E-07
0.307,0.9,0.307,0.5,-5.41577869E-07
0.308,0.9,0.308,0.5,-5.41213037E-07
0.309,0.9,0.309,0.5,-5.40841636E-07
0.31,0.9,0.31,0.5,-5.40463564E-07
0.311,0.9,0.311,0.5,-5.40078691E-07
0.312,0.9,0.312,0.5,-5.39687001E-07
0.313,0.9,0.313,0.5,-5.39288351E-07
0.314,0.9,0.314,0.5,-5.3888261E-07
0.315,0.9,0.315,0.5,-5.38469777E-07
0.316,0.9,0.316,0.5,-5.38049722E-07
0.317,0.9,0.317,0.5,-5.37622295E-07
0.318,0.9,0.318,0.5,-5.37187468E-07
0.319,0.9,0.319,0.5,-5.36745134E-07
0.32,0.9,0.32,0.5,-5.36295179E-07
0.321,0.9,0.321,0.5,-5.35837525E-07
0.322,0.9,0.322,0.5,-5.35371999E-07
0.323,0.9,0.323,0.5,-5.34898604E-07
0.324,0.9,0.324,0.5,-5.34417207E-07
0.325,0.9,0.325,0.5,-5.3392769E-07
0.326,0.9,0.326,0.5,-5.33429965E-07
0.327,0.9,0.327,0.5,-5.32923917E-07
0.328,0.9,0.328,0.5,-5.32409459E-07
0.329,0.9,0.329,0.5,-5.31886478E-07
0.33,0.9,0.33,0.5,-5.31354893E-07
0.331,0.9,0.331,0.5,-5.30814571E-07
0.332,0.9,0.332,0.5,-5.30265446E-07
0.333,0.9,0.333,0.5,-5.29707346E-07
0.334,0.9,0.334,0.5,-5.29140213E-07
0.335,0.9,0.335,0.5,-5.28563959E-07
0.336,0.9,0.336,0.5,-5.27978436E-07
0.337,0.9,0.337,0.5,-5.2738357E-07
0.338,0.9,0.338,0.5,-5.267792E-07
0.339,0.9,0.339,0.5,-5.26165277E-07
0.34,0.9,0.34,0.5,-5.25541683E-07
0.341,0.9,0.341,0.5,-5.24908277E-07
0.342,0.9,0.342,0.5,-5.24264955E-07
0.343,0.9,0.343,0.5,-5.2361165E-07
0.344,0.9,0.344,0.5,-5.22948227E-07
0.345,0.9,0.345,0.5,-5.22274508E-07
0.346,0.9,0.346,0.5,-5.21590486E-07
0.347,0.9,0.347,0.5,-5.20896009E-07
0.348,0.9,0.348,0.5,-5.2019092E-07
0.349,0.9,0.349,0.5,-5.19475172E-07
0.35,0.9,0.35,0.5,-5.18748593E-07
0.351,0.9,0.351,0.5,-5.18011113E-07
0.352,0.9,0.352,0.5,-5.17262606E-07
0.353,0.9,0.353,0.5,-5.16502947E-07
0.354,0.9,0.354,0.5,-5.15732008E-07
0.355,0.9,0.355,0.5,-5.14949708E-07
0.356,0.9,0.356,0.5,-5.14155918E-07
0.357,0.9,0.357,0.5,-5.133505E-07
0.358,0.9,0.358,0.5,-5.12533365E-07
0.359,0.9,0.359,0.5,-5.11704368E-07
0.36,0.9,0.36,0.5,-5.10863412E-07
0.361,0.9,0.361,0.5,-5.10010377E-07
0.362,0.9,0.362,0.5,-5.0914511E-07
0.363,0.9,0.363,0.5,-5.0826754E-07
0.364,0.9,0.364,0.5,-5.07377536E-07
0.365,0.9,0.365,0.5,-5.06474976E-07
0.366,0.9,0.366,0.5,-5.05559708E-07
0.367,0.9,0.367,0.5,-5.0463165E-07
0.368,0.9,0.368,0.5,-5.03690636E-07
0.369,0.9,0.369,0.5,-5.02736587E-07
0.37,0.9,0.37,0.5,-5.01769414E-07
0.371,0.9,0.371,0.5,-5.00788886E-07
0.372,0.9,0.372,0.5,-4.99794968E-07
0.373,0.9,0.373,0.5,-4.98787514E-07
0.374,0.9,0.374,0.5,-4.97766393E-07
0.375,0.9,0.375,0.5,-4.96731481E-07
0.376,0.9,0.376,0.5,-4.95682677E-07
0.377,0.9,0.377,0.5,-4.94619815E-07
0.378,0.9,0.378,0.5,-4.93542778E-07
0.379,0.9,0.379,0.5,-4.92451473E-07
0.38,0.9,0.38,0.5,-4.91345716E-07
0.381,0.9,0.381,0.5,-4.90225407E-07
0.382,0.9,0.382,0.5,-4.89090382E-07
0.383,0.9,0.383,0.5,-4.87940536E-07
0.384,0.9,0.384,0.5,-4.86775733E-07
0.385,0.9,0.385,0.5,-4.85595823E-07
0.386,0.9,0.386,0.5,-4.8440063E-07
0.387,0.9,0.387,0.5,-4.83189933E-07
0.388,0.9,0.388,0.5,-4.81963664E-07
0.389,0.9,0.389,0.5,-4.807215E-07
0.39,0.9,0.39,0.5,-4.79463292E-07
0.391,0.9,0.391,0.5,-4.78188678E-07
0.392,0.9,0.392,0.5,-4.76897391E-07
0.393,0.9,0.393,0.5,-4.75589051E-07
0.394,0.9,0.394,0.5,-4.74263128E-07
0.395,0.9,0.395,0.5,-4.72919062E-07
0.396,0.9,0.396,0.5,-4.71556074E-07
0.397,0.9,0.397,0.5,-4.70173234E-07
0.398,0.9,0.398,0.5,-4.6876918E-07
0.399,0.9,0.399,0.5,-4.67342428E-07
0.4,0.9,0.4,0.5,-4.65890924E-07
0.401,0.9,0.401,0.5,-4.64412103E-07
0.402,0.9,0.402,0.5,-4.62902687E-07
0.403,0.9,0.403,0.5,-4.61358781E-07
0.404,0.9,0.404,0.5,-4.59775467E-07
0.405,0.9,0.405,0.5,-4.58147017E-07
0.406,0.9,0.406,0.5,-4.56466687E-07
0.407,0.9,0.407,0.5,-4.54726916E-07
0.408,0.9,0.408,0.5,-4.5291949E-07
0.409,0.9,0.409,0.5,-4.51035699E-07
0.41,0.9,0.41,0.5,-4.49066963E-07
0.411,0.9,0.411,0.5,-4.47004997E-07
0.412,0.9,0.412,0.5,-4.44842414E-07
0.413,0.9,0.413,0.5,-4.42573047E-07
0.414,0.9,0.414,0.5,-4.40192103E-07
0.415,0.9,0.415,0.5,-4.37696407E-07
0.416,0.9,0.416,0.5,-4.35084395E-07
0.417,0.9,0.417,0.5,-4.32355709E-07
0.418,0.9,0.418,0.5,-4.29511342E-07
0.419,0.9,0.419,0.5,-4.26553143E-07
0.42,0.9,0.42,0.5,-4.23483808E-07
0.421,0.9,0.421,0.5,-4.20306296E-07
0.422,0.9,0.422,0.5,-4.17024214E-07
0.423,0.9,0.423,0.5,-4.13640915E-07
0.424,0.9,0.424,0.5,-4.10160055E-07
0.425,0.9,0.425,0.5,-4.06585311E-07
0.426,0.9,0.426,0.5,-4.02919994E-07
0.427,0.9,0.427,0.5,-3.99167487E-07
0.428,0.9,0.428,0.5,-3.95331007E-07
0.429,0.9,0.429,0.5,-3.91413472E-07
0.43,0.9,0.43,0.5,-3.87417678E-07
0.431,0.9,0.431,0.5,-3.83346308E-07
0.432,0.9,0.432,0.5,-3.79201843E-07
0.433,0.9,0.433,0.5,-3.7498663E-07
0.434,0.9,0.434,0.5,-3.70702878E-07
0.435,0.9,0.435,0.5,-3.66352541E-07
0.436,0.9,0.436,0.5,-3.61937669E-07
0.437,0.9,0.437,0.5,-3.57460088E-07
0.438,0.9,0.438,0.5,-3.52921379E-07
0.439,0.9,0.439,0.5,-3.48323269E-07
0.44,0.9,0.44,0.5,-3.43667342E-07
0.441,0.9,0.441,0.5,-3.38955019E-07
0.442,0.9,0.442,0.5,-3.34187646E-07
0.443,0.9,0.443,0.5,-3.29366713E-07
0.444,0.9,0.444,0.5,-3.24493445E-07
0.445,0.9,0.445,0.5,-3.1956904E-07
0.446,0.9,0.446,0.5,-3.14594672E-07
0.447,0.9,0.447,0.5,-3.09571675E-07
0.448,0.9,0.448,0.5,-3.04501022E-07
0.449,0.9,0.449,0.5,-2.99383839E-07
0.45,0.9,0.45,0.5,-2.94221223E-07
0.451,0.9,0.451,0.5,-2.89014224E-07
0.452,0.9,0.452,0.5,-2.83763846E-07
0.453,0.9,0.453,0.5,-2.78471084E-07
0.454,0.9,0.454,0.5,-2.73136948E-07
0.455,0.9,0.455,0.5,-2.67762427E-07
0.456,0.9,0.456,0.5,-2.62348465E-07
0.457,0.9,0.457,0.5,-2.56895987E-07
0.458,0.9,0.458,0.5,-2.51405954E-07
0.459,0.9,0.459,0.5,-2.45879356E-07
0.46,0.9,0.46,0.5,-2.40316993E-07
0.461,0.9,0.461,0.5,-2.34719895E-07
0.462,0.9,0.462,0.5,-2.29088919E-07
0.463,0.9,0.463,0.5,-2.23425012E-07
0.464,0.9,0.464,0.5,-2.17729045E-07
0.465,0.9,0.465,0.5,-2.1200189E-07
0.466,0.9,0.466,0.5,-2.06244529E-07
0.467,0.9,0.467,0.5,-2.00457777E-07
0.468,0.9,0.468,0.5,-1.9464261E-07
0.469,0.9,0.469,0.5,-1.8879981E-07
0.47,0.9,0.47,0.5,-1.82930386E-07
0.471,0.9,0.471,0.5,-1.77035183E-07
0.472,0.9,0.472,0.5,-1.7111503E-07
0.473,0.9,0.473,0.5,-1.65170935E-07
0.474,0.9,0.474,0.5,-1.59203687E-07
0.475,0.9,0.475,0.5,-1.53214206E-07
0.476,0.9,0.476,0.5,-1.47203401E-07
0.477,0.9,0.477,0.5,-1.41172144E-07
0.478,0.9,0.478,0.5,-1.35121322E-07
0.479,0.9,0.479,0.5,-1.29051827E-07
0.48,0.9,0.48,0.5,-1.229646E-07
0.481,0.9,0.481,0.5,-1.16860441E-07
0.482,0.9,0.482,0.5,-1.10740274E-07
0.483,0.9,0.483,0.5,-1.0460499E-07
0.484,0.9,0.484,0.5,-9.84555122E-08
0.485,0.9,0.485,0.5,-9.22927121E-08
0.486,0.9,0.486,0.5,-8.61174918E-08
0.487,0.9,0.487,0.5,-7.99307323E-08
0.488,0.9,0.488,0.5,-7.37332897E-08
0.489,0.9,0.489,0.5,-6.7526102E-08
0.49,0.9,0.49,0.5,-6.13100326E-08
0.491,0.9,0.491,0.5,-5.50860193E-08
0.492,0.9,0.492,0.5,-4.88549325E-08
0.493,0.9,0.493,0.5,-4.26176499E-08
0.494,0.9,0.494,0.5,-3.63750736E-08
0.495,0.9,0.495,0.5,-3.01280849E-08
0.496,0.9,0.496,0.5,-2.38775613E-08
0.497,0.9,0.497,0.5,-1.76244193E-08
0.498,0.9,0.498,0.5,-1.1369572E-08
0.499,0.9,0.499,0.5,-5.11389686E-09
0.5,0.9,0.5,0.5,1.14174981E-09
0.501,0.9,0.501,0.5,7.39644079E-09
0.502,0.9,0.502,0.5,1.36493128E-08
0.503,0.9,0.503,0.5,1.98994989E-08
0.504,0.9,0.504,0.5,2.61460187E-08
0.505,0.9,0.505,0.5,3.23880904E-08
0.506,0.9,0.506,0.5,3.86247976E-08
0.507,0.9,0.507,0.5,4.48551845E-08
0.508,0.9,0.508,0.5,5.1078473E-08
0.509,0.9,0.509,0.5,5.72937111E-08
0.51,0.9,0.51,0.5,6.35000248E-08
0.511,0.9,0.511,0.5,6.96965543E-08
0.512,0.9,0.512,0.5,7.58824186E-08
0.513,0.9,0.513,0.5,8.20567152E-08
0.514,0.9,0.514,0.5,8.82185951E-08
0.515,0.9,0.515,0.5,9.43671665E-08
0.516,0.9,0.516,0.5,1.00501516E-07
0.517,0.9,0.517,0.5,1.06620828E-07
0.518,0.9,0.518,0.5,1.1272423E-07
0.519,0.9,0.519,0.5,1.18810814E-07
0.52,0.9,0.52,0.5,1.24879808E-07
0.521,0.9,0.521,0.5,1.30930161E-07
0.522,0.9,0.522,0.5,1.36961173E-07
0.523,0.9,0.523,0.5,1.42971938E-07
0.524,0.9,0.524,0.5,1.48961561E-07
0.525,0.9,0.525,0.5,1.54929229E-07
0.526,0.9,0.526,0.5,1.60874023E-07
0.527,0.9,0.527,0.5,1.66795164E-07
0.528,0.9,0.528,0.5,1.72691728E-07
0.529,0.9,0.529,0.5,1.78562871E-07
0.53,0.9,0.53,0.5,1.84407821E-07
0.531,0.9,0.531,0.5,1.90225599E-07
0.532,0.9,0.532,0.5,1.96015467E-07
0.533,0.9,0.533,0.5,2.01776512E-07
0.534,0.9,0.534,0.5,2.07507941E-07
0.535,0.9,0.535,0.5,2.13208878E-07
0.536,0.9,0.536,0.5,2.18878434E-07
0.537,0.9,0.537,0.5,2.24515873E-07
0.538,0.9,0.538,0.5,2.3012025E-07
0.539,0.9,0.539,0.5,2.35690731E-07
0.54,0.9,0.54,0.5,2.41226555E-07
0.541,0.9,0.541,0.5,2.46726728E-07
0.542,0.9,0.542,0.5,2.52190542E-07
0.543,0.9,0.543,0.5,2.57617025E-07
0.544,0.9,0.544,0.5,2.63005418E-07
0.545,0.9,0.545,0.5,2.68354821E-07
0.546,0.9,0.546,0.5,2.73664334E-07
0.547,0.9,0.547,0.5,2.7893309E-07
0.548,0.9,0.548,0.5,2.8416024E-07
0.549,0.9,0.549,0.5,2.89344907E-07
0.55,0.9,0.55,0.5,2.94486092E-07
0.551,0.9,0.551,0.5,2.99582986E-07
0.552,0.9,0.552,0.5,3.04634597E-07
0.553,0.9,0.553,0.5,3.09639979E-07
0.554,0.9,0.554,0.5,3.14598211E-07
0.555,0.9,0.555,0.5,3.19508263E-07
0.556,0.9,0.556,0.5,3.24369168E-07
0.557,0.9,0.557,0.5,3.29179862E-07
0.558,0.9,0.558,0.5,3.33939234E-07
0.559,0.9,0.559,0.5,3.38646231E-07
0.56,0.9,0.56,0.5,3.43299696E-07
0.561,0.9,0.561,0.5,3.47898489E-07
0.562,0.9,0.562,0.5,3.52441351E-07
0.563,0.9,0.563,0.5,3.56926964E-07
0.564,0.9,0.564,0.5,3.61354012E-07
0.565,0.9,0.565,0.5,3.65721075E-07
0.566,0.9,0.566,0.5,3.70026683E-07
0.567,0.9,0.567,0.5,3.74269305E-07
0.568,0.9,0.568,0.5,3.78447233E-07
0.569,0.9,0.569,0.5,3.82558742E-07
0.57,0.9,0.57,0.5,3.86602061E-07
0.571,0.9,0.571,0.5,3.90575138E-07
0.572,0.9,0.572,0.5,3.94475965E-07
0.573,0.9,0.573,0.5,3.98302269E-07
0.574,0.9,0.574,0.5,4.02051803E-07
0.575,0.9,0.575,0.5,4.05722044E-07
0.576,0.9,0.576,0.5,4.09310434E-07
0.577,0.9,0.577,0.5,4.12814213E-07
0.578,0.9,0.578,0.5,4.16230613E-07
0.579,0.9,0.579,0.5,4.19556677E-07
0.58,0.9,0.58,0.5,4.22789448E-07
0.581,0.9,0.581,0.5,4.25925979E-07
0.582,0.9,0.582,0.5,4.28963379E-07
0.583,0.9,0.583,0.5,4.31898968E-07
0.584,0.9,0.584,0.5,4.34730389E-07
0.585,0.9,0.585,0.5,4.37455689E-07
0.586,0.9,0.586,0.5,4.40073535E-07
0.587,0.9,0.587,0.5,4.42583506E-07
0.588,0.9,0.588,0.5,4.44986046E-07
0.589,0.9,0.589,0.5,4.47282815E-07
0.59,0.9,0.59,0.5,4.49476701E-07
0.591,0.9,0.591,0.5,4.51571864E-07
0.592,0.9,0.592,0.5,4.53573566E-07
0.593,0.9,0.593,0.5,4.55488106E-07
0.594,0.9,0.594,0.5,4.57322525E-07
0.595,0.9,0.595,0.5,4.59084202E-07
0.596,0.9,0.596,0.5,4.60780623E-07
0.597,0.9,0.597,0.5,4.62419077E-07
0.598,0.9,0.598,0.5,4.64006291E-07
0.599,0.9,0.599,0.5,4.65548396E-07
0.6,0.9,0.6,0.5,4.67050775E-07
0.601,0.9,0.601,0.5,4.68518003E-07
0.602,0.9,0.602,0.5,4.69953978E-07
0.603,0.9,0.603,0.5,4.71361894E-07
0.604,0.9,0.604,0.5,4.72744404E-07
0.605,0.9,0.605,0.5,4.7410358E-07
0.606,0.9,0.606,0.5,4.75441105E-07
0.607,0.9,0.607,0.5,4.7675838E-07
0.608,0.9,0.608,0.5,4.78056421E-07
0.609,0.9,0.609,0.5,4.79336119E-07
0.61,0.9,0.61,0.5,4.80598125E-07
0.611,0.9,0.611,0.5,4.8184306E-07
0.612,0.9,0.612,0.5,4.8307129E-07
0.613,0.9,0.613,0.5,4.84283248E-07
0.614,0.9,0.614,0.5,4.85479212E-07
0.615,0.9,0.615,0.5,4.86659463E-07
0.616,0.9,0.616,0.5,4.87824252E-07
0.617,0.9,0.617,0.5,4.88973747E-07
0.618,0.9,0.618,0.5,4.90108171E-07
0.619,0.9,0.619,0.5,4.91227699E-07
0.62,0.9,0.62,0.5,4.92332479E-07
0.621,0.9,0.621,0.5,4.93422665E-07
0.622,0.9,0.622,0.5,4.94498423E-07
0.623,0.9,0.623,0.5,4.95559821E-07
0.624,0.9,0.624,0.5,4.96607129E-07
0.625,0.9,0.625,0.5,4.97640375E-07
0.626,0.9,0.626,0.5,4.98659759E-07
0.627,0.9,0.627,0.5,4.9966534E-07
0.628,0.9,0.628,0.5,5.00657329E-07
0.629,0.9,0.629,0.5,5.01635814E-07
0.63,0.9,0.63,0.5,5.02600876E-07
0.631,0.9,0.631,0.5,5.03552716E-07
0.632,0.9,0.632,0.5,5.04491439E-07
0.633,0.9,0.633,0.5,5.0541718E-07
0.634,0.9,0.634,0.5,5.06330007E-07
0.635,0.9,0.635,0.5,5.07230116E-07
0.636,0.9,0.636,0.5,5.08117594E-07
0.637,0.9,0.637,0.5,5.08992564E-07
0.638,0.9,0.638,0.5,5.09855141E-07
0.639,0.9,0.639,0.5,5.1070548E-07
0.64,0.9,0.64,0.5,5.11543647E-07
0.641,0.9,0.641,0.5,5.12369809E-07
0.642,0.9,0.642,0.5,5.13184094E-07
0.643,0.9,0.643,0.5,5.13986585E-07
0.644,0.9,0.644,0.5,5.14777437E-07
0.645,0.9,0.645,0.5,5.15556703E-07
0.646,0.9,0.646,0.5,5.16324576E-07
0.647,0.9,0.647,0.5,5.17081148E-07
0.648,0.9,0.648,0.5,5.17826518E-07
0.649,0.9,0.649,0.5,5.18560807E-07
0.65,0.9,0.65,0.5,5.19284164E-07
0.651,0.9,0.651,0.5,5.19996661E-07
0.652,0.9,0.652,0.5,5.20698439E-07
0.653,0.9,0.653,0.5,5.21389605E-07
0.654,0.9,0.654,0.5,5.22070298E-07
0.655,0.9,0.655,0.5,5.22740589E-07
0.656,0.9,0.656,0.5,5.23400594E-07
0.657,0.9,0.657,0.5,5.24050446E-07
0.658,0.9,0.658,0.5,5.24690247E-07
0.659,0.9,0.659,0.5,5.25320154E-07
0.66,0.9,0.66,0.5,5.25940195E-07
0.661,0.9,0.661,0.5,5.26550551E-07
0.662,0.9,0.662,0.5,5.2715129E-07
0.663,0.9,0.663,0.5,5.27742554E-07
0.664,0.9,0.664,0.5,5.28324396E-07
0.665,0.9,0.665,0.5,5.28897001E-07
0.666,0.9,0.666,0.5,5.29460422E-07
0.667,0.9,0.667,0.5,5.30014766E-07
0.668,0.9,0.668,0.5,5.3056015E-07
0.669,0.9,0.669,0.5,5.31096703E-07
0.67,0.9,0.67,0.5,5.31624526E-07
0.671,0.9,0.671,0.5,5.32143687E-07
0.672,0.9,0.672,0.5,5.32654308E-07
0.673,0.9,0.673,0.5,5.33156495E-07
0.674,0.9,0.674,0.5,5.33650361E-07
0.675,0.9,0.675,0.5,5.34135982E-07
0.676,0.9,0.676,0.5,5.34613484E-07
0.677,0.9,0.677,0.5,5.35082961E-07
0.678,0.9,0.678,0.5,5.35544512E-07
0.679,0.9,0.679,0.5,5.35998215E-07
0.68,0.9,0.68,0.5,5.36444208E-07
0.681,0.9,0.681,0.5,5.36882574E-07
0.682,0.9,0.682,0.5,5.37313387E-07
0.683,0.9,0.683,0.5,5.37736788E-07
0.684,0.9,0.684,0.5,5.38152847E-07
0.685,0.9,0.685,0.5,5.3856164E-07
0.686,0.9,0.686,0.5,5.38963317E-07
0.687,0.9,0.687,0.5,5.39357931E-07
0.688,0.9,0.688,0.5,5.39745582E-07
0.689,0.9,0.689,0.5,5.40126337E-07
0.69,0.9,0.69,0.5,5.40500334E-07
0.691,0.9,0.691,0.5,5.40867653E-07
0.692,0.9,0.692,0.5,5.41228399E-07
0.693,0.9,0.693,0.5,5.41582608E-07
0.694,0.9,0.694,0.5,5.41930405E-07
0.695,0.9,0.695,0.5,5.42271906E-07
0.696,0.9,0.696,0.5,5.42607129E-07
0.697,0.9,0.697,0.5,5.42936235E-07
0.698,0.9,0.698,0.5,5.43259283E-07
0.699,0.9,0.699,0.5,5.43576327E-07
0.7,0.9,0.7,0.5,5.43887499E-07
0.701,0.9,0.701,0.5,5.44192876E-07
0.702,0.9,0.702,0.5,5.44492508E-07
0.703,0.9,0.703,0.5,5.44786491E-07
0.704,0.9,0.704,0.5,5.45074926E-07
0.705,0.9,0.705,0.5,5.45357899E-07
0.706,0.9,0.706,0.5,5.45635494E-07
0.707,0.9,0.707,0.5,5.45907746E-07
0.708,0.9,0.708,0.5,5.46174782E-07
0.709,0.9,0.709,0.5,5.46436656E-07
0.71,0.9,0.71,0.5,5.46693446E-07
0.711,0.9,0.711,0.5,5.46945259E-07
0.712,0.9,0.712,0.5,5.4719214E-07
0.713,0.9,0.713,0.5,5.47434176E-07
0.714,0.9,0.714,0.5,5.47671426E-07
0.715,0.9,0.715,0.5,5.47903998E-07
0.716,0.9,0.716,0.5,5.48131958E-07
0.717,0.9,0.717,0.5,5.48355359E-07
0.718,0.9,0.718,0.5,5.48574278E-07
0.719,0.9,0.719,0.5,5.48788798E-07
0.72,0.9,0.72,0.5,5.48998994E-07
0.721,0.9,0.721,0.5,5.49204909E-07
0.722,0.9,0.722,0.5,5.4940665E-07
0.723,0.9,0.723,0.5,5.49604259E-07
0.724,0.9,0.724,0.5,5.4979779E-07
0.725,0.9,0.725,0.5,5.49987352E-07
0.726,0.9,0.726,0.5,5.50172985E-07
0.727,0.9,0.727,0.5,5.50354773E-07
0.728,0.9,0.728,0.5,5.50532747E-07
0.729,0.9,0.729,0.5,5.50707007E-07
0.73,0.9,0.73,0.5,5.5087763E-07
0.731,0.9,0.731,0.5,5.51044629E-07
0.732,0.9,0.732,0.5,5.51208103E-07
0.733,0.9,0.733,0.5,5.51368082E-07
0.734,0.9,0.734,0.5,5.51524643E-07
0.735,0.9,0.735,0.5,5.51677886E-07
0.736,0.9,0.736,0.5,5.51827803E-07
0.737,0.9,0.737,0.5,5.51974502E-07
0.738,0.9,0.738,0.5,5.52118003E-07
0.739,0.9,0.739,0.5,5.52258378E-07
0.74,0.9,0.74,0.5,5.5239569E-07
0.741,0.9,0.741,0.5,5.52530015E-07
0.742,0.9,0.742,0.5,5.52661373E-07
0.743,0.9,0.743,0.5,5.52789842E-07
0.744,0.9,0.744,0.5,5.52915452E-07
0.745,0.9,0.745,0.5,5.53038284E-07
0.746,0.9,0.746,0.5,5.53158358E-07
0.747,0.9,0.747,0.5,5.53275754E-07
0.748,0.9,0.748,0.5,5.53390493E-07
0.749,0.9,0.749,0.5,5.53502662E-07
0.75,0.9,0.75,0.5,5.53612296E-07
0.751,0.9,0.751,0.5,5.53719431E-07
0.752,0.9,0.752,0.5,5.53824137E-07
0.753,0.9,0.753,0.5,5.5392643E-07
0.754,0.9,0.754,0.5,5.540264E-07
0.755,0.9,0.755,0.5,5.54124039E-07
0.756,0.9,0.756,0.5,5.54219422E-07
0.757,0.9,0.757,0.5,5.54312624E-07
0.758,0.9,0.758,0.5,5.54403645E-07
0.759,0.9,0.759,0.5,5.54492555E-07
0.76,0.9,0.76,0.5,5.54579355E-07
0.761,0.9,0.761,0.5,5.5466414E-07
0.762,0.9,0.762,0.5,5.54746919E-07
0.763,0.9,0.763,0.5,5.54827746E-07
0.764,0.9,0.764,0.5,5.54906677E-07
0.765,0.9,0.765,0.5,5.54983718E-07
0.766,0.9,0.766,0.5,5.55058904E-07
0.767,0.9,0.767,0.5,5.55132299E-07
0.768,0.9,0.768,0.5,5.55203926E-07
0.769,0.9,0.769,0.5,5.55273843E-07
0.77,0.9,0.77,0.5,5.55342073E-07
0.771,0.9,0.771,0.5,5.55408654E-07
0.772,0.9,0.772,0.5,5.55473598E-07
0.773,0.9,0.773,0.5,5.5553696E-07
0.774,0.9,0.774,0.5,5.55598774E-07
0.775,0.9,0.775,0.5,5.55659124E-07
0.776,0.9,0.776,0.5,5.55717921E-07
0.777,0.9,0.777,0.5,5.5577533E-07
0.778,0.9,0.778,0.5,5.55831289E-07
0.779,0.9,0.779,0.5,5.55885862E-07
0.78,0.9,0.78,0.5,5.55939057E-07
0.781,0.9,0.781,0.5,5.55990958E-07
0.782,0.9,0.782,0.5,5.56041542E-07
0.783,0.9,0.783,0.5,5.56090889E-07
0.784,0.9,0.784,0.5,5.56138982E-07
0.785,0.9,0.785,0.5,5.5618586E-07
0.786,0.9,0.786,0.5,5.56231555E-07
0.787,0.9,0.787,0.5,5.56276088E-07
0.788,0.9,0.788,0.5,5.56319492E-07
0.789,0.9,0.789,0.5,5.56361805E-07
0.79,0.9,0.79,0.5,5.56403045E-07
0.791,0.9,0.791,0.5,5.56443212E-07
0.792,0.9,0.792,0.5,5.56482341E-07
0.793,0.9,0.793,0.5,5.56520483E-07
0.794,0.9,0.794,0.5,5.56557634E-07
0.795,0.9,0.795,0.5,5.56593843E-07
0.796,0.9,0.796,0.5,5.56629097E-07
0.797,0.9,0.797,0.5,5.56663451E-07
0.798,0.9,0.798,0.5,5.56696872E-07
0.799,0.9,0.799,0.5,5.56729486E-07
0.8,0.9,0.8,0.5,5.56761197E-07
0.801,0.9,0.801,0.5,5.56792109E-07
0.802,0.9,0.802,0.5,5.56822204E-07
0.803,0.9,0.803,0.5,5.56851489E-07
0.804,0.9,0.804,0.5,5.56880032E-07
0.805,0.9,0.805,0.5,5.56907796E-07
0.806,0.9,0.806,0.5,5.56934822E-07
0.807,0.9,0.807,0.5,5.56961162E-07
0.808,0.9,0.808,0.5,5.56986773E-07
0.809,0.9,0.809,0.5,5.57011724E-07
0.81,0.9,0.81,0.5,5.57035985E-07
0.811,0.9,0.811,0.5,5.57059614E-07
0.812,0.9,0.812,0.5,5.57082625E-07
0.813,0.9,0.813,0.5,5.57105007E-07
0.814,0.9,0.814,0.5,5.57126764E-07
0.815,0.9,0.815,0.5,5.57147946E-07
0.816,0.9,0.816,0.5,5.5716858E-07
0.817,0.9,0.817,0.5,5.57188635E-07
0.818,0.9,0.818,0.5,5.57208153E-07
0.819,0.9,0.819,0.5,5.5722715E-07
0.82,0.9,0.82,0.5,5.57245617E-07
0.821,0.9,0.821,0.5,5.57263579E-07
0.822,0.9,0.822,0.5,5.57281069E-07
0.823,0.9,0.823,0.5,5.57298055E-07
0.824,0.9,0.824,0.5,5.57314596E-07
0.825,0.9,0.825,0.5,5.5733069E-07
0.826,0.9,0.826,0.5,5.57346326E-07
0.827,0.9,0.827,0.5,5.57361549E-07
0.828,0.9,0.828,0.5,5.57376332E-07
0.829,0.9,0.829,0.5,5.57390702E-07
0.83,0.9,0.83,0.5,5.57404697E-07
0.831,0.9,0.831,0.5,5.57418286E-07
0.832,0.9,0.832,0.5,5.57431516E-07
0.833,0.9,0.833,0.5,5.5744438E-07
0.834,0.9,0.834,0.5,5.57456879E-07
0.835,0.9,0.835,0.5,5.57469033E-07
0.836,0.9,0.836,0.5,5.57480838E-07
0.837,0.9,0.837,0.5,5.5749231E-07
0.838,0.9,0.838,0.5,5.57503473E-07
0.839,0.9,0.839,0.5,5.57514326E-07
0.84,0.9,0.84,0.5,5.57524874E-07
0.841,0.9,0.841,0.5,5.57535113E-07
0.842,0.9,0.842,0.5,5.57545075E-07
0.843,0.9,0.843,0.5,5.57554749E-07
0.844,0.9,0.844,0.5,5.57564142E-07
0.845,0.9,0.845,0.5,5.57573301E-07
0.846,0.9,0.846,0.5,5.57582158E-07
0.847,0.9,0.847,0.5,5.57590806E-07
0.848,0.9,0.848,0.5,5.57599183E-07
0.849,0.9,0.849,0.5,5.57607319E-07
0.85,0.9,0.85,0.5,5.5761527E-07
0.851,0.9,0.851,0.5,5.57622926E-07
0.852,0.9,0.852,0.5,5.5763039E-07
0.853,0.9,0.853,0.5,5.57637684E-07
0.854,0.9,0.854,0.5,5.57644722E-07
0.855,0.9,0.855,0.5,5.57651575E-07
0.856,0.9,0.856,0.5,5.57658236E-07
0.857,0.9,0.857,0.5,5.57664698E-07
0.858,0.9,0.858,0.5,5.57670951E-07
0.859,0.9,0.859,0.5,5.57677069E-07
0.86,0.9,0.86,0.5,5.57682988E-07
0.861,0.9,0.861,0.5,5.5768874E-07
0.862,0.9,0.862,0.5,5.57694314E-07
0.863,0.9,0.863,0.5,5.57699749E-07
0.864,0.9,0.864,0.5,5.57705025E-07
0.865,0.9,0.865,0.5,5.57710113E-07
0.866,0.9,0.866,0.5,5.57715108E-07
0.867,0.9,0.867,0.5,5.5771994E-07
0.868,0.9,0.868,0.5,5.57724604E-07
0.869,0.9,0.869,0.5,5.57729159E-07
0.87,0.9,0.87,0.5,5.57733575E-07
0.871,0.9,0.871,0.5,5.57737877E-07
0.872,0.9,0.872,0.5,5.5774203E-07
0.873,0.9,0.873,0.5,5.57746077E-07
0.874,0.9,0.874,0.5,5.57749974E-07
0.875,0.9,0.875,0.5,5.57753793E-07
0.876,0.9,0.876,0.5,5.57757506E-07
0.877,0.9,0.877,0.5,5.57761084E-07
0.878,0.9,0.878,0.5,5.57764583E-07
0.879,0.9,0.879,0.5,5.57767962E-07
0.88,0.9,0.88,0.5,5.57771248E-07
0.881,0.9,0.881,0.5,5.57774445E-07
0.882,0.9,0.882,0.5,5.57777526E-07
0.883,0.9,0.883,0.5,5.57780535E-07
0.884,0.9,0.884,0.5,5.57783455E-07
0.885,0.9,0.885,0.5,5.57786297E-07
0.886,0.9,0.886,0.5,5.57789029E-07
0.887,0.9,0.887,0.5,5.5779169E-07
0.888,0.9,0.888,0.5,5.57794273E-07
0.889,0.9,0.889,0.5,5.57796792E-07
0.89,0.9,0.89,0.5,5.57799233E-07
0.891,0.9,0.891,0.5,5.57801592E-07
0.892,0.9,0.892,0.5,5.5780389E-07
0.893,0.9,0.893,0.5,5.57806118E-07
0.894,0.9,0.894,0.5,5.57808281E-07
0.895,0.9,0.895,0.5,5.57810399E-07
0.896,0.9,0.896,0.5,5.57812417E-07
0.897,0.9,0.897,0.5,5.57814381E-07
0.898,0.9,0.898,0.5,5.5781631E-07
0.899,0.9,0.899,0.5,5.57818169E-07
0.9,0.9,0.9,0.5,5.57819991E-07
0.901,0.9,0.901,0.5,5.57821735E-07
0.902,0.9,0.902,0.5,5.57823412E-07
0.903,0.9,0.903,0.5,5.57825064E-07
0.904,0.9,0.904,0.5,5.5782667E-07
0.905,0.9,0.905,0.5,5.57828226E-07
0.906,0.9,0.906,0.5,5.5782974E-07
0.907,0.9,0.907,0.5,5.57831211E-07
0.908,0.9,0.908,0.5,5.5783261E-07
0.909,0.9,0.909,0.5,5.57833975E-07
0.91,0.9,0.91,0.5,5.57835332E-07
0.911,0.9,0.911,0.5,5.57836611E-07
0.912,0.9,0.912,0.5,5.57837868E-07
0.913,0.9,0.913,0.5,5.5783908E-07
0.914,0.9,0.914,0.5,5.57840266E-07
0.915,0.9,0.915,0.5,5.57841418E-07
0.916,0.9,0.916,0.5,5.57842526E-07
0.917,0.9,0.917,0.5,5.57843599E-07
0.918,0.9,0.918,0.5,5.5784464E-07
0.919,0.9,0.919,0.5,5.57845659E-07
0.92,0.9,0.92,0.5,5.57846647E-07
0.921,0.9,0.921,0.5,5.57847585E-07
0.922,0.9,0.922,0.5,5.57848519E-07
0.923,0.9,0.923,0.5,5.57849411E-07
0.924,0.9,0.924,0.5,5.57850289E-07
0.925,0.9,0.925,0.5,5.57851138E-07
0.926,0.9,0.926,0.5,5.57851958E-07
0.927,0.9,0.927,0.5,5.57852736E-07
0.928,0.9,0.928,0.5,5.57853511E-07
0.929,0.9,0.929,0.5,5.57854275E-07
0.93,0.9,0.93,0.5,5.57855007E-07
0.931,0.9,0.931,0.5,5.57855689E-07
0.932,0.9,0.932,0.5,5.57856374E-07
0.933,0.9,0.933,0.5,5.57857021E-07
0.934,0.9,0.934,0.5,5.57857675E-07
0.935,0.9,0.935,0.5,5.57858304E-07
0.936,0.9,0.936,0.5,5.57858915E-07
0.937,0.9,0.937,0.5,5.57859494E-07
0.938,0.9,0.938,0.5,5.57860059E-07
0.939,0.9,0.939,0.5,5.57860606E-07
0.94,0.9,0.94,0.5,5.57861135E-07
0.941,0.9,0.941,0.5,5.57861672E-07
0.942,0.9,0.942,0.5,5.57862169E-07
0.943,0.9,0.943,0.5,5.57862649E-07
0.944,0.9,0.944,0.5,5.57863132E-07
0.945,0.9,0.945,0.5,5.57863572E-07
0.946,0.9,0.946,0.5,5.57864027E-07
0.947,0.9,0.947,0.5,5.57864464E-07
0.948,0.9,0.948,0.5,5.57864862E-07
0.949,0.9,0.949,0.5,5.57865288E-07
0.95,0.9,0.95,0.5,5.57865686E-07
0.951,0.9,0.951,0.5,5.57866052E-07
0.952,0.9,0.952,0.5,5.57866422E-07
0.953,0.9,0.953,0.5,5.57866763E-07
0.954,0.9,0.954,0.5,5.57867128E-07
0.955,0.9,0.955,0.5,5.57867466E-07
0.956,0.9,0.956,0.5,5.57867786E-07
0.957,0.9,0.957,0.5,5.57868102E-07
0.958,0.9,0.958,0.5,5.57868407E-07
0.959,0.9,0.959,0.5,5.57868706E-07
0.96,0.9,0.96,0.5,5.57869001E-07
0.961,0.9,0.961,0.5,5.57869257E-07
0.962,0.9,0.962,0.5,5.5786953E-07
0.963,0.9,0.963,0.5,5.57869807E-07
0.964,0.9,0.964,0.5,5.57870063E-07
0.965,0.9,0.965,0.5,5.57870294E-07
0.966,0.9,0.966,0.5,5.5787055E-07
0.967,0.9,0.967,0.5,5.57870774E-07
0.968,0.9,0.968,0.5,5.57871026E-07
0.969,0.9,0.969,0.5,5.57871232E-07
0.97,0.9,0.97,0.5,5.57871441E-07
0.971,0.9,0.971,0.5,5.5787163E-07
0.972,0.9,0.972,0.5,5.57871846E-07
0.973,0.9,0.973,0.5,5.57872053E-07
0.974,0.9,0.974,0.5,5.57872223E-07
0.975,0.9,0.975,0.5,5.57872394E-07
0.976,0.9,0.976,0.5,5.57872571E-07
0.977,0.9,0.977,0.5,5.57872738E-07
0.978,0.9,0.978,0.5,5.57872927E-07
0.979,0.9,0.979,0.5,5.57873093E-07
0.98,0.9,0.98,0.5,5.57873221E-07
0.981,0.9,0.981,0.5,5.57873371E-07
0.982,0.9,0.982,0.5,5.57873527E-07
0.983,0.9,0.983,0.5,5.57873655E-07
0.984,0.9,0.984,0.5,5.57873808E-07
0.985,0.9,0.985,0.5,5.57873943E-07
0.986,0.9,0.986,0.5,5.57874078E-07
0.987,0.9,0.987,0.5,5.57874191E-07
0.988,0.9,0.988,0.5,5.57874301E-07
0.989,0.9,0.989,0.5,5.57874429E-07
0.99,0.9,0.99,0.5,5.57874543E-07
0.991,0.9,0.991,0.5,5.57874639E-07
0.992,0.9,0.992,0.5,5.5787476E-07
0.993,0.9,0.993,0.5,5.57874856E-07
0.994,0.9,0.994,0.5,5.57874955E-07
0.995,0.9,0.995,0.5,5.57875065E-07
0.996,0.9,0.996,0.5,5.57875168E-07
0.997,0.9,0.997,0.5,5.57875239E-07
0.998,0.9,0.998,0.5,5.57875346E-07
0.999,0.9,0.999,0.5,5.57875428E-07
1,0.9,1,0.5,5.57875502E-07
